temperature,ph_level,feed_level,light_level,hour,recommended_time_slot,recommended_amount_gram
29.49,6.66,53.7,629,13,1,2
27.59,7.08,17.7,496,0,3,2
29.94,6.57,97.5,422,15,3,3
32.57,6.95,56.6,411,17,3,2
27.3,5.69,65.3,142,6,1,2
27.3,7.37,31.3,370,14,2,2
32.74,7.2,53.5,373,23,3,2
30.3,6.55,48.6,433,16,3,2
26.59,7.73,16.7,624,18,2,1
29.63,7.95,19.6,785,22,3,1
26.61,5.91,85.4,786,12,0,1
26.6,6.59,31.6,395,8,0,2
28.73,6.58,27.5,152,23,3,3
22.26,6.45,55.4,264,23,3,2
22.83,7.86,79.2,241,14,3,2
26.31,7.04,15.6,721,2,3,1
24.96,6.99,61.9,768,23,3,2
28.94,5.6,20.7,243,0,3,2
25.28,7.71,13.3,429,15,1,1
23.76,6.21,14.7,452,7,3,0
32.4,7.25,85.1,713,22,3,1
27.32,7.42,20.6,798,12,1,2
28.2,8.29,14.1,649,7,2,1
23.73,6.15,49.4,60,16,3,2
26.37,5.0,86.0,236,21,3,2
28.33,7.35,33.6,775,22,3,2
24.55,8.64,48.0,64,13,3,2
29.13,8.19,13.6,346,20,3,1
26.2,7.37,50.4,460,20,3,3
27.12,6.81,62.0,634,6,0,2
26.19,7.85,61.4,101,14,1,3
33.56,6.42,39.9,689,15,3,0
27.96,7.58,38.4,77,18,2,3
24.83,7.6,19.6,626,5,3,1
30.47,8.05,43.0,66,22,3,2
24.34,9.41,19.0,400,0,3,0
28.63,7.51,79.0,477,11,2,3
22.12,6.79,97.0,699,17,3,1
24.02,7.18,97.3,278,15,3,3
28.59,5.78,87.9,259,11,0,2
30.22,6.64,64.1,480,19,3,2
28.51,6.87,73.1,343,12,1,3
27.65,6.78,35.7,792,7,0,2
27.1,7.32,66.8,631,21,3,2
23.56,6.54,51.0,153,0,3,2
25.84,8.1,53.4,253,20,3,2
26.62,7.2,78.2,102,6,0,3
31.17,7.19,35.4,424,14,3,2
29.03,6.94,38.6,103,21,3,3
22.71,7.32,93.2,325,12,3,2
28.97,7.86,15.1,384,12,1,2
26.84,6.51,53.7,80,8,0,3
25.97,6.67,92.2,184,23,3,3
29.84,6.96,64.9,107,14,2,3
31.09,6.12,59.2,154,3,3,2
30.79,6.54,32.5,315,12,3,2
25.48,6.82,40.9,571,11,3,2
27.07,7.9,86.7,545,4,3,2
28.99,7.41,60.3,302,6,0,3
30.93,7.35,56.3,344,7,3,2
26.56,7.88,19.0,717,4,3,1
27.44,7.09,11.4,207,8,0,2
24.68,7.51,96.7,598,13,3,2
24.41,7.12,43.9,680,11,3,2
30.44,7.41,64.3,116,3,3,3
32.07,6.73,17.2,348,19,3,1
27.78,5.25,71.5,512,7,3,1
31.01,7.09,93.9,774,16,3,2
29.08,8.34,61.8,150,7,0,3
26.06,7.94,21.4,105,20,3,3
29.08,7.97,62.4,381,0,3,3
32.61,8.19,79.0,442,19,3,1
27.89,7.27,46.6,792,1,3,2
32.69,7.36,89.2,430,3,1,1
20.14,6.71,68.4,141,23,3,2
30.47,6.95,90.9,496,20,3,2
28.26,7.69,66.1,158,0,3,3
27.1,8.16,21.8,366,6,2,2
28.28,7.09,37.9,217,0,3,3
22.04,6.84,28.2,484,8,3,1
27.34,7.2,91.8,491,2,3,3
29.07,7.68,78.4,267,11,0,3
32.43,6.04,70.9,271,18,3,2
26.45,5.36,37.1,722,14,3,1
25.57,6.76,26.6,577,21,3,1
26.49,6.22,78.1,327,15,3,2
30.75,6.79,52.7,618,9,3,2
28.99,7.08,30.3,623,21,2,3
26.41,6.84,65.5,515,5,3,2
29.54,8.36,13.6,651,16,1,1
28.29,7.46,39.4,633,20,3,2
30.91,7.44,52.2,79,21,3,3
25.89,7.7,23.3,408,23,3,2
27.02,6.29,98.6,337,16,3,2
26.82,8.03,28.8,135,20,3,2
23.61,7.14,21.7,283,18,3,2
28.89,7.74,28.3,796,17,2,2
28.78,6.34,79.2,362,10,3,2
28.02,5.96,48.3,414,23,3,2
27.3,7.85,60.9,318,6,0,3
23.75,7.5,11.9,747,9,3,0
26.74,6.48,13.1,180,6,0,2
26.97,6.5,50.1,400,4,3,3
25.59,8.1,83.5,229,11,3,2
27.52,6.25,89.7,529,15,3,2
29.21,8.51,17.8,212,20,3,1
33.66,6.48,58.5,145,17,3,2
28.52,7.71,92.2,559,2,3,2
28.77,6.94,44.9,414,19,0,3
27.78,7.68,84.7,402,14,1,3
22.24,6.76,22.0,485,4,3,1
27.92,7.07,94.2,132,12,1,3
28.18,7.23,77.6,274,18,2,3
35.39,6.4,94.7,461,11,3,1
27.42,7.79,70.9,784,22,3,2
28.9,6.79,42.7,167,20,3,3
27.9,7.02,94.4,531,4,3,2
24.49,6.4,34.8,241,5,3,2
31.43,5.15,39.9,640,6,3,0
30.26,7.05,73.1,639,9,3,2
30.37,9.13,78.9,708,15,1,0
25.27,7.83,93.6,156,7,3,3
32.21,7.18,28.4,431,8,3,1
23.79,6.99,81.8,439,3,3,2
29.76,7.22,76.5,293,20,3,3
34.57,7.64,15.7,634,20,2,1
25.03,6.26,44.9,517,7,3,1
26.3,8.09,35.4,587,6,1,1
28.3,7.77,37.4,259,14,1,3
26.49,7.77,98.5,653,20,3,2
23.35,7.55,67.8,686,2,0,0
28.21,7.22,74.6,122,16,0,3
24.81,7.74,97.9,684,10,3,2
29.42,7.67,43.9,358,8,0,3
25.24,6.92,82.2,745,4,3,2
32.65,6.74,49.1,748,9,3,1
25.65,7.28,88.3,759,14,3,2
27.03,8.44,26.3,639,13,0,1
30.44,6.21,95.3,235,3,3,2
24.31,6.03,29.7,302,20,3,1
28.68,7.33,39.4,62,19,1,3
31.92,7.24,78.1,348,1,3,2
23.18,7.34,45.4,125,11,3,2
28.55,7.4,64.7,100,0,3,3
28.78,7.02,50.0,198,23,3,3
30.35,8.39,76.8,780,19,3,1
24.29,5.92,30.5,171,4,3,1
24.04,6.54,15.3,260,5,3,2
29.57,7.12,37.0,329,23,3,2
28.89,5.89,52.7,587,10,3,1
28.75,7.06,25.1,734,7,0,2
29.04,8.53,41.9,205,6,0,2
25.96,7.22,46.0,287,3,3,3
28.7,7.38,15.2,425,5,3,2
28.88,6.19,62.5,131,15,3,3
25.86,6.71,89.6,541,19,3,2
33.6,6.9,23.7,405,14,3,1
29.42,6.95,63.8,322,13,1,3
24.43,8.23,69.8,629,22,0,2
29.97,7.65,47.7,93,11,2,3
25.08,6.31,73.1,622,11,3,1
30.36,7.4,47.0,172,15,3,3
31.48,7.6,55.4,398,14,2,2
25.54,8.11,10.7,757,12,3,0
30.89,8.46,72.3,379,10,3,2
29.24,6.39,69.5,458,16,0,2
30.47,6.55,13.5,372,20,3,1
33.69,6.19,43.1,160,14,3,2
27.26,7.01,98.1,138,13,1,3
25.74,7.57,47.9,482,9,3,2
25.33,7.99,55.2,759,11,3,2
25.55,7.14,91.9,761,15,3,2
27.77,6.94,74.6,148,14,1,3
29.02,7.32,62.4,588,9,0,2
28.83,6.53,81.8,650,3,3,2
30.48,8.87,87.8,195,22,3,2
28.04,5.91,51.1,743,8,0,1
32.36,7.35,52.8,306,20,3,2
27.21,8.82,44.7,238,19,1,2
36.0,7.21,97.0,289,8,3,2
29.88,7.05,72.7,552,20,3,2
25.43,6.91,17.5,757,23,3,1
24.79,7.06,87.7,726,19,3,2
29.45,8.3,53.3,320,10,3,2
27.33,5.43,16.2,569,10,3,0
30.14,8.43,59.5,599,6,3,1
29.42,6.06,47.5,163,20,3,3
27.78,6.99,89.0,388,9,1,3
25.46,6.86,28.4,617,3,3,1
23.46,7.67,84.4,408,4,3,2
26.66,5.92,60.2,699,4,3,1
30.57,7.57,14.9,663,10,3,1
28.64,8.82,97.5,383,8,0,2
24.26,6.11,56.1,738,15,3,1
28.52,7.35,36.2,218,8,0,3
29.16,6.67,52.2,388,21,3,3
25.35,7.54,87.2,310,3,3,2
28.46,7.22,37.4,784,1,3,2
28.17,6.69,27.3,248,13,1,3
24.57,7.59,21.6,260,2,3,2
29.07,8.64,36.8,336,17,0,1
29.68,7.05,80.2,741,20,3,2
31.25,7.78,52.4,792,5,3,2
31.16,6.17,30.5,521,10,3,1
23.87,6.43,25.0,531,20,3,0
25.19,7.58,39.9,72,17,3,1
29.55,8.39,94.6,609,11,0,2
29.54,7.48,40.9,158,4,3,3
29.55,6.95,98.9,345,8,0,3
36.0,7.2,53.7,55,19,3,2
29.71,6.2,26.1,599,17,2,1
31.41,7.68,90.2,730,18,3,2
30.86,7.91,51.4,252,2,3,3
29.95,6.84,73.9,374,8,0,3
27.05,6.82,98.5,293,3,3,3
30.28,7.41,14.5,376,16,3,1
25.68,6.85,18.7,96,16,3,2
27.29,7.15,74.8,640,22,3,2
26.54,8.88,35.4,671,22,3,1
28.25,7.0,26.6,62,1,3,3
34.94,6.91,13.5,429,8,3,1
22.4,6.68,12.0,414,8,3,1
30.06,7.8,79.7,651,4,3,2
23.16,7.06,22.1,391,14,3,1
26.58,6.68,52.1,270,14,1,3
31.27,8.26,64.5,122,2,1,0
28.19,8.34,48.6,795,18,0,2
24.77,6.72,12.4,674,2,3,1
25.85,5.71,80.5,95,5,3,2
30.04,8.01,10.9,553,3,3,0
25.81,6.65,78.6,323,23,3,2
28.65,7.83,90.4,604,12,2,2
28.14,5.62,49.0,257,12,1,2
26.05,7.91,58.2,664,10,3,2
34.43,6.23,52.9,173,4,3,2
29.9,7.78,45.0,59,0,3,3
21.92,7.21,89.9,378,8,3,2
28.56,6.44,90.5,236,16,2,3
26.01,6.87,40.2,592,21,3,2
30.56,7.75,65.4,717,0,3,2
25.62,7.28,93.4,109,2,3,3
27.66,7.67,96.6,491,14,2,3
29.51,8.78,55.8,266,20,3,2
30.6,5.95,50.8,51,22,3,2
24.4,8.49,35.1,585,9,3,1
27.0,7.28,96.3,767,7,0,2
26.58,6.48,22.9,760,11,2,1
26.04,6.14,62.2,405,21,3,2
33.3,7.05,35.4,675,14,3,1
29.21,7.94,35.1,716,8,0,2
24.22,7.1,46.4,214,23,3,0
30.75,8.41,99.9,783,9,3,1
34.37,6.04,14.9,140,19,3,1
31.1,7.19,62.1,216,8,3,3
23.44,6.2,17.4,256,14,3,1
26.55,7.49,23.9,331,22,3,2
31.8,7.91,49.6,114,20,3,3
25.88,6.86,55.9,565,20,3,2
29.33,5.12,33.3,206,0,3,2
30.32,7.36,38.5,796,1,3,1
25.22,7.55,17.8,355,18,3,1
27.82,7.52,37.3,444,13,1,2
20.0,8.19,97.0,123,7,3,2
24.93,6.34,95.0,236,5,3,2
27.24,7.74,40.1,623,11,0,2
24.26,8.15,61.4,386,14,3,2
32.9,5.78,91.9,725,13,3,0
23.71,7.46,10.6,617,20,3,0
26.68,6.8,83.0,672,0,3,2
28.39,7.13,95.4,779,10,3,2
32.32,7.48,18.2,289,2,3,1
23.69,6.81,24.5,582,18,3,1
31.49,6.66,96.5,190,17,3,3
28.03,7.23,58.4,314,19,0,3
25.06,6.33,11.3,188,1,3,1
29.39,6.33,33.2,508,6,0,1
28.6,7.74,50.5,119,7,0,3
26.2,6.28,72.4,434,18,2,2
28.21,7.73,76.0,679,21,3,2
26.84,7.57,99.6,247,14,2,3
28.34,5.82,35.9,254,9,1,2
29.99,6.66,58.4,775,21,3,2
32.76,8.16,58.0,617,0,3,1
24.29,6.42,46.5,736,5,3,1
34.4,6.83,25.2,689,12,3,1
22.14,7.57,98.0,480,13,3,2
27.54,7.83,86.8,374,2,3,3
29.76,7.0,54.8,491,10,3,3
28.84,6.72,64.3,337,2,3,3
26.13,8.34,30.5,275,18,0,2
27.38,8.59,58.9,113,9,1,2
26.52,7.98,72.5,609,14,0,2
26.23,7.27,56.4,763,10,3,2
30.55,6.55,99.1,547,14,3,2
29.07,6.54,65.0,109,23,3,3
25.92,7.62,43.4,446,12,3,2
30.7,7.53,79.5,306,4,3,2
28.92,8.32,25.3,626,3,3,1
30.44,7.72,44.6,288,12,3,3
29.89,6.0,41.2,87,8,0,3
25.51,8.04,48.9,74,16,3,2
26.32,6.4,80.4,459,1,3,2
30.24,6.89,53.6,510,23,3,2
29.83,7.4,81.5,620,4,3,2
27.94,8.8,61.9,466,15,3,2
28.35,9.5,40.8,406,6,3,2
31.83,7.69,82.9,432,0,3,2
26.23,7.05,31.4,207,11,1,3
29.64,7.63,30.2,618,20,3,2
27.39,7.91,55.4,482,10,3,3
27.35,6.94,33.5,97,11,0,3
31.3,8.64,10.8,377,18,3,0
30.48,7.38,68.3,482,11,3,2
30.44,7.6,56.0,480,11,3,2
31.92,7.73,50.1,105,13,3,3
28.06,7.54,97.0,626,1,3,2
30.05,7.87,61.4,317,1,3,2
27.07,6.71,87.7,118,3,3,3
28.97,6.75,22.6,777,19,2,3
27.61,6.32,61.2,650,22,3,3
28.29,7.55,88.1,498,15,3,3
29.79,7.82,62.5,306,9,0,3
25.55,7.57,74.6,721,12,3,2
34.28,8.54,43.5,539,1,3,0
24.98,7.2,18.3,795,2,3,1
24.36,7.73,51.2,692,18,3,2
31.47,6.33,45.5,98,5,3,2
30.37,6.89,88.0,708,18,2,1
29.87,7.76,32.0,365,20,3,2
29.89,7.88,97.0,462,19,0,3
27.96,6.96,96.2,483,18,2,3
25.31,7.14,32.3,51,7,3,2
28.23,5.99,41.3,194,13,0,2
25.97,6.91,90.6,415,9,3,2
30.93,7.91,97.0,469,2,3,2
27.56,7.66,49.9,622,5,3,2
25.52,7.6,38.9,610,14,3,1
27.04,7.24,57.3,493,22,3,3
29.24,7.21,71.9,483,22,3,3
26.31,6.67,34.6,692,17,2,2
25.53,7.76,76.3,604,13,3,2
28.73,7.54,14.6,106,18,2,2
28.73,7.59,14.4,611,9,0,1
26.48,6.78,44.8,227,14,2,3
26.59,5.48,41.8,342,3,3,2
28.7,8.08,38.4,95,22,3,2
23.66,6.82,54.2,219,1,3,2
23.78,6.51,38.9,320,2,3,1
25.84,7.75,27.3,466,6,3,2
27.36,6.89,37.9,188,22,3,3
28.93,8.05,97.7,296,15,3,3
32.43,7.69,47.0,197,9,3,2
30.57,7.75,50.0,279,18,3,3
27.52,6.11,61.9,686,16,2,2
27.94,8.17,98.5,753,18,0,2
24.99,7.41,31.7,423,4,3,2
27.94,6.9,71.3,129,22,3,3
27.13,7.31,74.4,655,19,1,2
28.97,5.78,64.7,787,12,0,1
25.52,7.53,18.0,114,12,3,2
29.56,6.38,70.9,137,10,3,3
32.6,6.12,15.8,137,10,3,1
27.67,5.98,63.7,762,15,3,1
29.21,8.09,76.6,775,14,1,2
30.07,6.7,29.0,253,16,3,2
26.8,8.43,85.7,431,21,3,2
28.67,6.77,12.7,650,17,2,1
28.04,5.83,85.9,525,18,2,1
28.29,6.31,51.4,622,3,3,2
25.68,8.19,29.6,655,21,3,1
28.07,7.08,22.0,588,21,3,2
29.49,6.76,95.8,263,22,3,3
32.35,7.33,16.5,123,4,3,1
30.88,7.6,27.9,110,6,3,2
34.46,8.09,41.3,747,1,3,1
25.7,8.36,65.8,592,0,3,1
30.62,6.91,59.0,268,11,3,3
28.55,6.14,21.3,61,9,1,2
34.57,6.87,36.1,464,7,3,1
25.58,7.41,31.5,81,0,3,2
25.48,6.43,29.2,209,11,3,2
26.2,6.43,47.0,286,1,3,3
21.63,7.48,73.4,788,9,3,1
26.42,7.16,29.6,230,21,3,3
25.72,7.23,43.0,607,16,3,2
28.45,6.59,45.2,390,2,3,3
29.03,7.02,97.9,507,6,0,2
33.63,6.46,95.9,129,11,0,0
30.85,7.91,82.0,696,7,3,2
26.27,8.03,31.7,522,19,1,1
25.3,5.72,16.1,720,11,3,0
29.48,6.46,38.5,764,2,0,3
24.04,6.0,34.0,161,16,3,2
33.49,6.68,55.5,341,8,3,2
31.54,7.13,80.0,680,9,3,2
26.59,6.04,87.2,432,21,3,2
22.86,6.46,86.0,66,5,3,2
32.06,6.4,42.4,542,0,3,1
27.66,7.37,71.9,380,21,3,3
31.71,7.26,38.2,788,11,3,1
23.22,6.62,15.5,535,4,3,0
26.2,7.34,73.1,455,12,1,3
28.02,6.76,10.9,166,14,2,2
28.14,6.98,46.8,604,21,3,2
26.65,8.54,39.6,164,10,3,2
29.87,8.27,72.4,598,7,2,2
24.8,6.16,79.0,674,4,3,1
27.57,7.86,37.4,596,1,3,2
28.36,7.85,83.0,693,11,2,2
29.54,6.28,36.5,385,1,0,3
30.13,7.86,50.2,385,15,3,2
24.63,8.43,75.4,789,20,3,1
23.4,6.3,72.4,196,2,3,2
31.83,6.47,98.9,171,9,3,2
29.0,8.01,30.3,130,18,1,2
25.75,7.42,69.6,734,7,3,2
32.65,7.64,64.9,715,6,3,1
28.35,7.47,92.4,711,0,3,2
31.54,7.51,24.1,424,11,3,2
28.2,6.14,77.7,619,4,3,2
34.18,8.04,61.1,112,15,3,2
33.27,8.14,34.7,553,3,3,0
27.25,7.02,52.7,717,16,0,2
30.91,7.17,40.0,498,23,3,2
29.94,5.98,62.1,477,20,3,2
32.11,7.61,90.0,476,1,3,2
25.11,7.66,61.2,470,11,3,2
30.06,7.15,66.9,371,0,3,2
31.18,8.1,56.7,729,11,3,1
22.72,6.93,14.6,215,11,3,1
24.45,7.65,31.0,646,11,3,1
21.88,6.38,54.3,698,18,3,1
27.19,7.18,37.9,510,16,0,2
30.15,7.06,26.4,508,19,3,1
32.51,7.38,55.4,238,23,3,2
28.22,6.9,39.1,513,23,3,2
32.89,7.09,33.2,428,10,3,1
23.86,7.86,51.8,51,12,3,2
22.89,6.85,22.0,667,7,3,1
27.83,5.91,93.5,413,9,0,2
29.15,8.6,88.1,121,7,0,2
27.9,8.31,73.7,476,19,2,2
21.8,6.17,19.6,687,7,3,0
27.73,7.75,79.8,219,8,0,3
24.09,6.8,82.7,254,6,3,3
30.01,7.41,79.1,386,13,3,2
29.1,7.44,20.3,521,1,3,2
25.18,7.01,68.0,244,10,0,3
26.46,6.57,85.1,719,7,0,2
24.82,6.65,62.0,702,12,3,2
27.81,6.47,68.2,324,20,3,2
30.87,6.53,51.3,56,14,3,3
25.04,7.15,57.6,615,2,3,2
29.51,6.63,13.1,665,22,3,1
26.41,7.75,67.5,622,13,0,2
25.62,8.39,17.3,648,14,3,0
27.68,6.74,49.2,227,1,3,3
24.89,7.39,36.3,291,18,3,2
26.34,7.6,59.1,252,11,1,3
24.41,7.58,22.0,592,19,1,3
33.89,7.26,72.2,511,3,3,2
28.11,7.79,81.6,129,2,3,3
25.9,7.59,24.7,572,4,3,1
28.64,6.21,19.4,466,2,3,1
27.66,7.9,23.1,433,14,2,2
27.34,7.91,88.9,440,18,2,3
29.84,6.59,57.5,737,1,3,2
30.27,7.23,52.1,175,11,3,3
26.41,7.75,19.6,543,4,3,1
26.27,7.03,68.5,96,21,3,3
27.17,8.06,88.1,767,16,0,2
21.09,9.09,84.5,525,13,3,0
23.45,6.57,66.3,668,21,3,1
32.1,6.1,16.8,513,9,3,0
32.93,7.44,20.1,172,2,3,2
27.25,7.78,14.4,523,3,3,1
29.73,7.02,33.2,183,5,3,3
28.93,8.36,22.2,668,23,3,1
36.0,6.13,33.4,611,21,3,0
31.36,7.75,44.7,656,15,3,2
27.62,6.72,94.9,72,6,0,3
25.13,8.58,64.9,615,14,3,1
23.18,8.79,85.1,284,20,3,1
28.61,6.59,73.9,108,19,0,3
25.73,6.76,20.1,213,10,3,2
23.73,7.89,76.2,265,21,3,2
26.06,6.89,34.8,232,20,3,3
24.76,7.16,67.5,618,0,3,2
33.06,7.22,40.7,706,4,3,1
30.64,5.66,99.8,139,12,3,2
27.98,7.19,33.7,360,20,3,2
32.44,6.65,35.1,606,13,3,1
28.23,6.81,93.8,306,8,0,3
25.42,8.35,12.2,582,16,2,3
32.57,6.19,72.7,582,14,3,1
29.62,7.85,75.3,101,20,3,3
24.89,6.98,85.3,387,6,3,2
27.43,6.98,97.7,220,21,3,3
25.37,7.83,97.8,116,21,3,3
23.85,7.47,15.9,674,11,3,0
30.78,7.66,84.0,349,22,3,2
33.73,7.97,68.2,721,5,3,1
23.8,6.93,68.3,281,20,3,2
29.69,6.71,21.6,117,15,3,3
26.05,6.33,68.5,555,4,3,2
26.54,6.54,98.4,77,8,0,3
26.22,9.5,92.1,677,13,3,1
25.41,8.2,49.5,100,7,3,2
28.15,6.12,13.6,742,13,2,1
25.51,6.14,42.6,309,11,3,2
28.81,7.59,84.4,640,9,0,2
27.85,7.64,73.1,669,19,0,2
27.28,7.64,51.3,635,19,2,2
25.28,7.0,15.0,736,20,3,1
26.27,7.1,48.4,233,12,1,3
30.27,7.46,52.2,72,18,3,3
29.5,7.27,93.6,178,14,2,3
25.07,5.42,67.7,340,7,3,1
28.3,7.02,38.0,550,22,3,2
30.25,6.52,57.3,235,20,3,3
22.99,7.34,15.9,528,9,3,0
29.63,9.5,97.5,620,2,3,1
26.01,7.49,42.4,541,20,3,2
29.71,6.95,53.0,562,2,3,2
25.71,7.94,42.0,692,4,3,2
22.59,7.59,71.4,116,15,3,2
23.12,7.54,69.6,516,16,3,1
28.14,7.69,74.4,334,5,3,3
28.78,8.85,34.1,650,19,1,1
25.29,6.3,38.4,466,19,3,1
29.92,7.58,21.3,149,15,3,3
23.02,6.46,69.0,238,23,3,2
27.8,7.64,13.6,437,1,1,0
24.37,6.47,63.8,290,19,3,2
26.04,6.87,88.3,780,14,2,2
28.14,6.96,90.2,466,17,2,3
25.42,7.98,50.4,225,0,3,3
26.85,7.93,51.3,436,18,2,3
31.02,6.2,16.9,520,11,3,0
26.27,7.24,70.4,282,7,0,3
30.51,6.63,83.9,712,5,3,2
24.61,6.19,32.0,501,11,2,3
29.59,7.03,47.9,326,6,0,3
32.32,6.95,85.5,278,17,3,2
20.59,9.14,88.9,220,21,3,1
25.61,7.55,31.9,784,13,2,1
29.73,6.1,59.6,262,7,1,3
27.39,6.75,27.3,331,23,3,2
29.11,8.02,19.2,90,19,2,2
26.19,8.87,92.0,171,21,3,2
28.26,5.93,83.8,276,13,3,3
27.53,5.7,78.4,343,4,3,2
31.5,8.7,14.4,649,8,3,0
28.76,7.51,85.9,316,7,0,3
29.01,6.51,49.4,590,1,3,2
26.76,7.63,40.8,500,15,0,0
26.54,5.09,59.2,498,12,3,2
26.7,7.2,18.2,110,6,0,2
29.18,7.46,78.1,551,15,3,2
26.74,7.94,62.4,196,6,0,3
28.87,6.39,26.8,735,13,0,1
34.23,7.27,26.9,383,13,3,1
30.61,6.46,26.6,191,11,3,2
27.02,7.4,15.1,93,0,3,2
31.6,6.48,62.9,193,0,3,2
26.78,6.87,85.6,382,11,1,3
21.89,6.4,11.6,546,19,3,0
24.98,7.72,14.4,445,20,3,1
22.39,7.89,61.5,104,14,3,2
26.95,7.01,83.8,356,3,3,3
28.06,7.23,39.4,472,6,0,2
33.03,6.04,41.5,466,15,3,1
28.98,6.96,63.7,722,2,3,2
27.34,7.16,34.7,374,6,0,2
30.49,9.3,12.4,759,23,3,0
21.37,6.31,76.2,720,21,3,1
28.71,8.37,66.3,129,5,3,3
30.31,8.0,62.3,80,15,3,3
23.56,7.42,76.8,161,23,3,2
31.43,8.61,70.8,607,7,3,1
29.02,7.5,28.5,766,22,3,2
26.75,7.51,41.7,613,21,3,2
29.9,7.16,21.3,699,5,3,2
34.81,8.18,21.7,521,9,3,0
28.55,8.08,70.9,123,15,3,3
28.74,6.7,87.3,602,10,3,2
26.62,6.14,96.6,528,12,0,2
25.45,7.04,66.6,638,5,3,2
30.49,6.56,26.6,436,23,3,3
25.43,7.15,19.5,748,0,3,1
28.21,8.19,83.2,613,20,3,2
26.57,6.83,62.1,482,18,2,3
29.44,7.17,65.6,461,11,0,3
29.0,7.25,80.3,516,23,3,2
31.11,7.88,73.3,648,5,3,2
26.47,5.4,85.1,670,17,3,1
27.19,6.71,15.1,786,12,1,1
25.06,7.37,77.3,297,6,3,3
26.67,8.16,86.6,630,22,3,2
29.13,6.81,35.8,169,12,1,3
30.27,5.7,67.6,116,20,3,2
25.23,7.7,38.3,622,7,3,1
30.61,6.69,96.2,376,20,3,2
32.07,6.25,13.0,752,16,3,0
29.24,6.7,62.2,519,8,0,2
33.63,7.05,25.0,542,19,3,1
25.68,6.72,74.1,750,12,3,2
24.27,5.44,25.8,712,1,3,0
22.66,7.92,31.2,335,3,3,1
32.49,8.22,54.5,657,1,3,1
29.96,7.72,92.3,361,3,3,3
27.83,6.29,29.1,358,17,2,2
28.84,7.04,23.0,146,4,3,3
24.62,7.19,78.3,162,18,3,3
35.34,7.68,55.1,686,9,3,1
28.39,7.73,92.1,505,17,2,2
28.33,6.61,23.2,512,20,3,2
30.18,7.27,68.1,181,9,3,3
29.44,7.57,31.0,170,4,3,3
28.67,8.36,24.1,246,16,1,2
25.63,7.76,71.5,531,21,3,2
29.41,7.83,63.4,683,12,1,2
33.65,7.27,77.9,88,22,3,2
32.04,8.33,37.9,615,16,3,0
32.78,7.53,50.3,561,8,3,1
26.47,6.51,46.5,523,23,3,2
25.03,8.32,98.6,210,11,3,2
27.62,7.76,36.3,338,13,1,2
28.17,6.85,36.5,249,13,1,3
31.28,6.82,41.9,577,7,3,2
22.92,7.44,60.8,734,22,3,1
32.59,7.57,32.7,552,4,3,1
27.53,7.36,92.4,297,18,2,3
26.72,7.45,33.9,432,13,1,2
24.96,8.56,90.6,267,8,3,2
23.04,8.06,19.3,136,6,3,1
30.47,7.35,69.1,131,7,3,3
28.22,7.95,91.6,111,13,1,3
24.13,6.37,25.2,549,21,3,1
24.11,7.52,97.1,91,13,3,3
26.99,8.65,50.8,61,10,3,2
33.01,7.03,95.1,795,13,3,1
27.22,6.52,70.9,692,20,3,2
23.49,6.68,37.1,164,7,3,2
27.26,6.33,26.9,267,2,3,2
27.18,6.57,37.3,698,22,3,2
20.0,6.9,18.4,155,17,3,1
27.84,6.08,22.9,740,2,3,1
27.31,7.21,19.4,577,12,1,1
30.09,7.92,48.1,521,11,3,2
33.55,6.47,81.6,436,14,3,1
31.38,8.42,22.7,275,17,0,1
27.19,7.61,21.7,530,4,3,2
24.68,8.02,67.9,457,6,3,2
35.72,6.67,27.7,506,10,3,1
28.18,7.88,18.8,702,10,3,1
28.04,6.33,25.0,760,14,2,1
27.93,7.91,93.1,673,9,2,2
28.59,7.34,83.9,688,14,2,2
27.57,7.64,41.9,70,12,1,3
26.28,6.26,69.0,708,13,2,3
26.36,6.48,58.4,650,16,1,2
27.9,7.68,70.9,252,12,3,1
26.37,6.44,71.4,466,9,0,2
25.86,7.57,66.6,465,0,3,2
28.32,6.11,33.9,497,0,3,2
27.24,7.88,13.5,561,14,0,1
32.51,6.21,51.0,134,15,3,2
20.05,7.64,90.2,216,11,3,2
31.27,7.7,61.3,433,23,3,2
31.74,6.64,84.9,517,5,3,2
21.78,7.67,99.2,121,5,3,2
26.97,7.41,24.7,570,11,1,2
26.89,6.77,72.3,522,14,0,2
23.78,6.39,70.7,307,3,3,1
25.67,5.63,98.2,324,23,3,1
24.67,7.48,98.7,799,3,1,3
33.26,5.95,71.8,69,1,3,1
30.81,7.28,31.9,539,23,3,1
31.81,6.99,81.9,794,11,3,2
30.17,7.74,19.6,539,6,3,1
24.61,6.96,80.3,782,19,3,2
26.43,6.94,91.9,375,8,0,3
29.47,7.79,44.5,578,8,3,1
24.33,7.47,66.8,138,7,3,3
30.14,7.45,48.7,535,13,3,2
27.28,7.58,49.4,757,0,3,2
26.88,5.97,37.9,399,22,3,1
30.13,7.81,78.6,133,20,3,3
29.33,7.69,94.3,436,22,3,3
26.92,6.39,94.7,136,11,2,1
31.48,7.0,25.7,356,1,3,2
24.76,7.17,88.7,203,12,3,3
29.85,7.09,76.4,489,3,3,3
29.78,7.47,32.8,789,19,1,2
27.07,8.35,16.1,313,17,2,1
28.98,8.07,34.1,784,18,2,1
24.25,6.15,92.1,470,15,3,2
30.77,7.7,67.0,542,13,3,2
27.45,8.26,74.9,682,7,1,2
26.43,7.51,33.1,460,11,0,2
31.15,8.07,74.7,222,8,3,2
25.89,8.81,12.5,53,5,3,1
23.77,8.02,43.8,689,17,3,1
23.33,7.4,66.4,521,1,3,1
29.82,8.04,23.1,159,22,3,2
24.16,7.32,84.1,86,7,3,3
33.26,7.22,31.2,632,23,3,1
21.75,6.92,68.7,80,13,3,2
33.09,8.45,46.5,430,5,3,1
28.63,6.55,63.6,317,9,0,3
27.71,8.43,19.7,60,7,1,1
26.37,7.6,11.5,393,16,2,2
29.2,6.08,91.9,593,11,0,2
27.89,7.49,34.3,618,16,2,2
31.31,5.52,83.8,215,12,0,2
28.34,7.7,99.9,749,18,2,2
28.45,7.91,29.0,391,11,1,2
26.91,6.73,33.9,531,15,3,2
27.83,7.3,69.7,68,4,3,3
28.92,8.76,96.9,677,15,3,1
22.87,6.8,92.4,233,5,3,2
23.96,6.35,55.3,594,10,3,1
30.23,8.39,81.6,59,16,3,2
28.51,8.77,22.2,641,22,3,1
27.45,7.2,98.0,241,13,1,3
28.06,8.01,96.8,369,5,3,2
29.04,8.27,24.7,751,22,3,1
26.38,6.61,36.9,629,10,3,2
25.67,6.81,19.0,524,11,3,1
28.59,8.18,34.5,686,12,0,1
25.06,8.55,83.4,476,3,3,1
29.22,7.65,44.0,108,6,0,3
22.89,6.5,18.0,485,1,3,1
31.09,8.79,40.8,146,5,3,2
29.42,6.78,98.3,545,5,3,2
28.77,6.93,66.7,710,17,2,2
30.95,7.47,47.5,327,19,3,1
33.0,8.44,25.0,314,7,3,1
31.04,7.88,98.8,58,7,3,3
22.48,7.53,83.9,506,7,3,1
24.16,7.57,35.3,322,7,2,0
26.13,7.23,16.3,57,0,3,2
28.08,7.65,15.1,257,1,3,2
29.55,5.18,20.8,686,11,3,1
25.82,6.96,62.3,172,14,3,3
28.56,7.39,93.6,82,3,3,3
25.73,6.28,54.7,562,2,3,1
26.17,7.51,85.9,253,13,1,3
23.78,7.04,50.1,567,21,3,1
25.23,8.6,73.8,566,22,3,1
23.94,8.46,75.9,492,7,3,1
25.07,6.83,25.7,641,12,3,1
31.16,7.08,42.5,738,22,3,2
25.15,7.14,67.4,388,18,3,2
35.9,6.84,16.4,487,21,3,1
29.48,7.36,42.5,494,4,3,3
28.55,6.59,58.1,185,12,1,3
25.42,6.3,99.7,436,19,3,2
30.1,7.7,52.7,74,0,3,3
26.27,7.7,83.4,555,15,3,2
28.37,6.56,48.9,374,22,3,3
35.68,7.92,81.7,744,23,3,1
27.71,6.69,63.6,729,1,3,2
31.45,7.4,89.8,387,6,3,2
25.89,7.86,47.0,739,5,3,2
27.9,7.17,64.4,144,4,3,3
33.31,7.56,66.7,594,3,3,1
26.12,6.79,47.6,672,1,3,3
33.44,7.04,23.0,195,9,3,2
30.12,7.04,18.4,280,21,3,2
26.31,6.6,11.5,544,4,3,1
29.9,7.06,88.6,87,17,2,3
30.92,5.96,31.3,474,9,3,1
29.87,6.81,29.0,696,22,3,2
23.29,6.97,76.2,796,21,3,1
25.82,7.0,38.8,486,14,3,2
27.26,7.01,55.5,417,8,0,3
27.78,7.15,24.6,394,10,3,2
29.86,7.58,96.4,209,20,3,3
28.53,7.9,86.6,599,16,0,2
23.99,6.68,87.7,711,20,3,1
29.14,6.24,46.6,590,8,1,2
29.83,6.37,78.6,193,22,3,3
29.68,6.81,22.9,637,15,3,2
31.24,6.92,10.8,706,5,3,1
30.5,6.58,11.8,790,21,3,1
29.38,6.16,62.8,625,10,3,2
27.79,6.84,51.0,394,22,3,3
23.02,7.35,56.6,318,16,3,2
29.29,7.68,10.7,745,3,3,1
28.62,6.75,48.0,317,14,1,3
28.81,6.87,74.6,218,0,3,3
24.17,6.46,49.8,788,21,3,1
24.76,7.17,75.9,82,19,3,3
31.16,6.52,31.0,426,0,3,2
27.88,7.66,83.2,263,8,0,3
30.04,5.77,63.0,611,11,3,1
28.08,6.91,29.0,489,3,3,2
28.09,7.44,31.3,541,21,3,2
30.81,7.35,66.5,442,12,3,2
26.45,9.35,84.7,538,6,3,1
28.29,7.48,47.4,771,7,0,2
26.61,6.4,33.2,78,12,2,2
26.7,7.12,88.0,88,10,3,3
27.07,5.78,70.2,661,8,2,1
28.67,7.14,50.3,222,23,3,3
26.56,6.53,53.9,66,15,3,3
31.77,7.93,28.4,105,9,3,2
25.32,6.76,66.4,275,10,3,3
27.44,7.11,42.3,607,11,1,2
26.68,6.69,99.6,116,13,1,3
32.34,8.59,53.2,246,18,3,1
28.59,6.94,53.7,703,11,2,2
31.1,8.67,60.9,72,17,3,2
23.54,7.85,92.5,655,20,3,1
28.8,7.59,82.1,286,16,1,3
30.67,7.49,50.6,615,2,3,2
28.25,7.52,74.7,187,0,3,3
31.2,5.66,62.8,522,18,3,1
26.45,6.98,54.3,602,3,3,2
32.23,7.88,27.3,659,22,3,1
34.9,7.16,51.8,744,15,3,1
26.91,6.08,32.1,689,11,2,1
26.66,7.16,92.3,278,20,3,1
32.36,8.56,40.2,366,20,3,1
32.74,8.2,95.7,647,12,3,1
26.43,7.15,58.0,770,16,0,2
26.74,7.96,66.8,776,7,0,2
27.15,6.91,58.9,661,12,1,2
23.97,5.84,21.6,610,19,3,0
25.24,6.46,43.8,250,4,3,2
24.99,8.45,18.9,307,17,3,1
25.7,6.98,66.1,529,14,3,2
27.9,7.01,50.2,227,11,2,3
28.7,6.96,80.0,172,16,0,3
32.65,8.72,29.8,391,14,3,0
25.0,8.5,24.8,220,1,3,2
30.95,8.98,46.6,697,5,3,1
27.36,7.07,93.4,108,16,0,3
27.85,7.44,73.9,754,15,3,2
30.02,5.99,47.7,514,16,3,1
24.63,8.38,56.6,309,19,3,2
29.15,6.27,17.6,422,8,0,1
28.5,7.37,98.6,144,4,3,3
29.48,6.32,70.0,174,22,3,3
28.87,6.73,35.7,90,0,3,3
35.37,6.53,62.7,303,5,3,2
26.09,6.71,19.9,56,23,3,2
26.41,6.77,96.9,520,13,1,2
26.13,6.76,25.7,777,16,1,2
26.33,7.87,68.3,560,18,2,2
26.09,6.32,32.1,630,0,3,1
31.57,7.38,74.6,118,0,3,3
32.26,8.17,79.9,130,12,3,2
26.29,6.79,70.6,591,13,1,2
25.5,6.63,65.3,634,5,3,2
29.41,7.02,90.3,311,5,1,2
26.34,8.14,17.1,138,0,3,2
29.9,7.36,39.8,257,13,1,3
28.61,6.78,32.3,262,2,3,3
23.45,7.59,98.9,315,22,3,2
32.64,6.32,45.0,342,9,3,1
33.39,7.75,75.9,256,18,3,2
26.16,7.53,71.6,382,18,2,3
26.84,6.95,29.1,126,18,2,3
28.86,6.53,31.5,337,22,3,2
29.0,6.49,35.3,96,3,3,2
29.98,7.63,47.0,671,19,0,2
34.03,8.18,31.1,249,18,3,1
27.47,6.69,11.8,476,9,0,2
25.61,7.57,89.1,259,1,3,3
23.86,5.53,96.9,469,3,3,1
25.81,6.73,40.7,203,23,0,2
27.9,7.18,40.5,571,5,3,2
33.38,6.47,10.6,464,6,3,0
26.45,6.45,71.2,402,15,3,2
28.67,6.67,84.3,206,6,0,3
27.95,7.43,23.2,310,17,2,2
31.57,7.05,24.4,126,19,3,2
35.58,5.41,81.1,537,21,3,0
26.41,5.5,65.5,180,18,2,2
26.53,6.71,14.0,628,8,0,1
31.13,7.57,66.0,504,19,3,2
30.05,5.0,37.8,789,9,3,0
33.54,6.8,43.2,212,12,3,2
29.75,6.78,79.3,64,17,2,3
26.92,8.31,83.0,281,15,3,3
29.77,6.89,46.0,244,21,3,3
31.33,7.51,95.2,591,16,3,2
30.46,7.31,46.6,408,21,3,2
29.52,5.5,79.5,380,12,2,2
31.2,7.81,53.5,476,11,3,2
31.51,7.37,90.8,546,9,3,2
32.15,7.61,91.7,535,0,3,1
29.95,9.5,17.9,498,7,3,1
27.5,5.53,94.3,462,20,3,2
28.44,8.58,84.3,379,21,3,2
31.62,6.97,81.2,781,17,3,2
25.55,7.43,28.1,196,1,3,2
29.11,7.16,82.5,308,15,3,3
26.82,6.86,86.5,341,11,2,3
28.09,6.74,36.0,192,8,0,3
31.84,7.46,95.7,796,2,3,2
28.57,5.99,14.5,676,21,3,0
28.14,7.8,23.5,414,20,3,2
23.92,6.87,58.4,139,3,3,2
30.24,6.3,61.8,769,1,3,1
29.94,6.84,68.1,213,7,0,3
34.49,8.21,11.5,530,9,3,0
27.08,6.77,96.4,133,15,3,3
28.66,7.49,14.0,126,22,3,2
28.75,6.62,22.9,722,10,3,2
32.73,7.81,11.3,566,17,3,0
27.71,7.75,61.0,534,21,3,2
28.84,8.68,93.9,639,13,2,1
29.82,7.06,69.9,652,7,0,2
28.56,7.73,84.0,648,22,3,2
26.66,7.28,11.2,153,14,2,2
28.58,8.24,58.8,501,16,1,2
31.22,6.62,51.4,536,20,3,2
24.92,7.8,54.9,388,17,0,2
28.4,7.04,16.5,736,5,3,1
25.9,7.15,71.6,615,22,3,2
31.59,7.27,55.3,527,13,3,2
23.43,7.4,78.9,772,22,3,1
26.32,7.11,53.7,656,2,3,2
29.13,7.37,23.4,272,6,0,3
32.7,8.46,68.3,58,14,3,2
27.8,7.99,25.5,102,20,3,3
26.33,7.9,88.5,126,23,3,3
33.64,6.84,65.2,767,15,3,1
23.66,6.49,24.1,552,15,3,0
21.4,7.96,96.6,365,7,3,2
29.32,7.9,56.7,673,6,2,1
26.49,8.38,16.6,214,5,3,2
24.94,6.72,66.4,328,1,3,2
30.13,7.02,32.8,76,21,3,2
28.73,5.89,82.3,119,12,0,2
26.31,6.89,83.6,267,11,2,3
24.16,8.0,98.1,414,14,3,2
30.62,6.83,55.2,750,8,3,2
29.95,7.71,50.9,355,1,3,3
27.7,7.05,77.8,173,16,1,1
33.54,7.46,21.9,68,4,3,2
24.79,6.28,59.2,306,10,3,2
23.42,7.27,59.2,345,21,3,2
25.92,5.0,18.1,71,18,3,1
27.86,7.05,47.6,499,23,3,3
28.73,5.9,86.8,601,6,1,1
27.28,8.16,87.1,599,1,2,3
29.06,7.82,18.9,97,15,3,2
24.25,7.57,18.2,744,11,3,1
32.33,8.42,33.6,636,22,3,0
27.75,6.44,88.7,770,14,1,2
31.35,8.6,21.6,232,0,3,1
29.03,7.95,74.8,484,12,1,3
29.37,7.01,19.1,156,22,3,2
29.71,8.11,66.1,237,5,3,3
29.34,6.31,42.0,135,12,1,3
29.93,6.54,81.0,505,17,2,2
31.99,6.71,31.0,186,2,3,2
28.59,6.78,67.5,385,0,3,3
30.13,6.35,31.2,656,14,3,1
27.73,8.18,74.2,518,12,2,2
32.32,6.99,88.6,651,4,3,1
25.97,7.48,21.4,620,12,3,1
33.4,6.74,88.0,452,21,3,2
27.88,5.74,63.4,589,4,3,1
23.71,7.42,21.4,121,18,3,2
28.38,5.67,48.5,73,20,3,2
25.96,7.15,24.5,673,23,3,1
30.52,6.11,73.0,534,17,3,1
26.04,8.79,78.3,105,20,3,2
26.66,7.93,19.5,272,21,3,2
22.33,7.28,55.6,681,9,3,1
26.64,8.21,83.3,228,23,0,2
20.73,6.52,94.3,483,7,3,2
23.25,7.63,56.2,499,14,3,2
30.28,7.36,95.5,541,20,3,2
30.36,7.41,58.2,238,19,3,3
29.28,8.22,45.5,627,22,3,2
25.1,7.79,86.3,469,21,3,2
27.86,7.43,54.4,298,3,3,3
27.99,5.88,52.5,637,1,3,1
24.52,6.43,54.1,698,23,3,1
32.51,7.1,86.2,213,5,3,2
30.63,7.27,84.9,794,2,3,0
27.34,6.3,46.3,304,6,0,2
28.08,9.13,40.0,525,9,1,0
28.63,8.41,54.3,466,22,3,2
21.87,7.68,61.5,219,5,3,2
27.26,7.26,31.5,366,15,3,2
25.95,7.03,81.5,223,1,3,3
25.0,6.44,53.8,519,23,3,1
27.16,7.26,40.1,394,16,2,3
33.39,7.41,19.6,494,12,3,1
29.92,6.21,31.5,67,0,3,2
26.29,7.47,95.4,119,5,3,3
29.72,7.08,37.5,387,4,3,2
32.2,5.67,25.2,677,12,3,0
30.77,6.51,51.5,641,22,3,2
28.18,6.87,37.6,576,17,2,2
26.06,8.71,13.2,737,11,2,0
30.09,7.65,39.1,505,6,3,1
29.18,6.13,59.0,318,14,1,2
30.69,7.59,59.7,680,2,3,2
29.91,5.96,42.1,237,15,3,2
31.15,8.07,50.3,618,0,3,1
26.39,6.82,96.9,760,15,3,2
31.95,7.13,44.0,578,23,1,3
28.59,8.26,33.2,483,11,1,2
34.23,6.17,31.9,337,18,3,1
25.93,6.08,51.2,616,7,3,1
33.21,6.73,78.4,548,22,3,1
28.59,8.03,28.5,490,11,0,2
26.05,5.98,73.8,352,14,0,2
26.55,5.0,11.9,136,1,3,1
27.04,6.84,47.7,487,16,0,3
29.27,7.64,79.8,590,6,0,2
29.57,8.16,40.5,71,12,2,3
26.28,6.83,60.7,609,0,0,3
27.93,6.87,28.4,566,5,3,2
34.43,8.12,76.8,724,12,3,1
33.18,5.7,14.7,552,10,3,0
29.31,6.89,86.7,763,9,1,2
28.11,7.35,27.8,516,15,3,2
28.36,7.56,88.7,150,23,3,3
29.84,6.79,41.7,632,22,3,2
24.93,7.23,75.0,724,19,3,2
27.23,5.21,38.7,734,16,3,1
22.99,6.67,91.5,190,16,3,2
29.2,7.56,21.4,187,3,3,3
29.94,6.41,26.1,627,4,3,1
26.55,7.25,54.4,759,22,3,2
32.72,7.56,17.4,277,13,3,1
24.32,6.93,27.6,330,19,3,2
23.61,7.34,94.9,733,9,3,1
28.67,6.43,97.9,480,13,0,2
31.14,7.03,43.9,89,0,3,3
33.05,7.69,93.1,568,10,3,1
26.62,7.33,59.0,735,22,3,2
31.24,6.73,34.3,712,17,3,1
27.88,7.38,73.2,260,15,3,3
27.48,7.77,69.3,351,17,2,3
30.65,5.56,99.0,135,7,3,2
29.96,8.13,33.9,446,9,0,2
23.27,6.93,70.5,302,9,3,2
32.43,7.54,14.7,582,4,3,0
32.14,8.16,20.2,430,9,3,1
26.12,6.1,10.4,493,17,2,1
29.19,6.63,100.0,82,20,3,3
29.48,6.97,82.2,309,23,3,3
28.78,6.57,80.8,283,5,3,3
26.35,8.59,55.9,564,2,3,1
25.99,6.51,37.0,357,7,3,2
27.92,6.76,23.6,788,8,0,2
31.52,7.36,35.6,119,4,3,2
29.63,6.24,43.8,503,1,3,2
26.89,6.88,78.1,488,1,3,3
30.32,7.45,58.6,413,6,3,2
20.0,6.93,17.0,530,16,3,0
31.45,7.13,11.6,193,9,3,2
22.78,6.78,19.2,73,11,3,1
26.91,5.99,46.9,474,1,3,2
24.64,7.46,94.0,795,9,3,2
24.12,8.6,67.4,224,19,3,2
31.48,7.21,82.2,374,0,3,2
26.6,7.38,52.0,720,3,3,2
29.04,7.75,42.5,397,12,1,3
27.86,6.18,19.8,67,11,0,2
29.43,8.56,88.8,93,10,3,2
28.23,7.36,80.5,204,9,2,3
24.15,8.51,25.1,426,14,3,1
30.99,6.61,56.1,792,4,3,2
26.52,8.65,53.9,451,16,0,2
23.33,7.82,66.3,274,4,3,2
26.72,7.64,95.2,266,1,3,3
32.5,7.39,62.2,617,8,3,1
30.55,7.0,58.6,80,5,3,3
26.95,8.16,14.5,108,17,1,2
26.95,7.31,15.7,402,13,1,2
27.04,5.63,26.9,494,18,0,1
34.23,6.31,12.9,284,13,3,1
29.15,7.05,76.9,156,7,0,3
29.29,7.45,75.1,240,16,1,3
31.09,7.15,22.2,579,2,3,1
28.72,8.18,85.2,787,9,1,2
27.22,5.64,23.9,728,16,0,1
27.41,7.31,37.1,632,10,3,2
27.79,5.75,32.4,615,7,1,1
27.89,7.81,43.5,294,0,3,3
30.18,7.12,32.9,125,12,3,2
28.16,7.54,54.0,596,20,0,0
30.2,6.51,46.7,316,3,3,2
27.76,8.22,98.8,366,6,1,2
28.24,8.03,15.0,170,13,1,2
22.01,7.67,22.8,74,4,3,2
30.75,7.1,14.8,481,23,3,1
29.04,7.66,66.3,209,10,3,3
30.99,6.63,14.9,645,16,3,1
20.0,7.88,85.3,163,4,3,2
34.27,8.52,56.1,784,19,3,0
27.58,8.06,57.4,551,2,3,2
31.32,6.62,60.5,215,4,3,3
24.88,7.49,25.4,752,14,3,1
29.84,6.17,27.8,224,18,2,2
24.84,7.66,38.7,50,15,3,2
26.13,7.56,63.4,790,7,0,2
33.74,5.7,28.9,135,12,3,1
27.43,6.27,20.5,623,15,3,1
28.65,6.97,97.3,369,2,3,3
30.61,6.96,12.0,450,0,3,1
29.49,6.23,82.2,431,8,0,2
28.45,7.51,80.9,767,8,0,2
29.09,7.4,36.7,666,21,3,2
35.21,7.04,22.2,367,16,3,1
27.83,6.6,23.1,299,23,3,3
28.6,8.04,72.8,574,1,3,2
31.15,8.52,67.9,724,8,3,1
31.32,6.81,80.4,604,23,3,2
31.56,6.71,94.4,672,18,3,2
29.92,7.59,72.3,766,12,1,2
24.57,6.91,24.0,305,4,3,2
32.9,7.09,31.9,356,8,3,1
24.56,7.79,85.8,193,12,3,3
28.91,5.67,28.8,707,0,3,1
25.74,8.25,16.5,440,14,3,1
27.81,7.26,73.3,725,3,3,2
28.99,6.87,46.2,218,3,3,3
28.96,7.13,92.8,347,19,1,3
29.27,7.17,68.5,282,9,2,3
32.84,5.82,18.1,320,5,3,0
29.36,8.4,95.3,109,23,3,1
27.27,7.23,33.3,345,11,2,2
30.89,7.55,40.3,516,19,3,2
31.57,7.96,46.2,284,15,3,3
24.32,6.38,14.6,726,2,3,1
29.79,7.58,54.7,755,13,1,2
30.1,6.99,21.1,283,0,3,2
27.11,7.88,46.1,417,9,2,3
32.13,5.5,41.6,744,14,3,0
27.55,7.12,79.6,281,6,0,3
28.38,6.72,82.3,540,3,3,2
27.48,7.55,23.8,668,13,1,2
28.05,7.58,43.0,552,23,3,2
24.71,6.63,43.6,784,15,3,2
23.68,6.63,23.6,641,13,3,1
32.78,7.11,81.9,795,2,3,1
25.46,6.48,73.7,430,16,3,2
25.03,7.87,27.1,745,20,3,1
21.54,6.9,43.0,477,13,3,2
26.08,5.0,19.5,746,17,3,0
24.03,6.9,66.5,695,2,3,2
32.93,6.37,20.9,781,21,3,0
31.03,5.89,98.7,413,18,3,1
25.94,6.21,80.3,251,2,3,2
34.76,7.29,45.1,195,11,3,2
30.95,8.26,62.1,688,21,3,1
27.03,7.45,92.0,506,4,3,2
20.5,6.71,59.9,184,9,3,2
34.87,7.56,25.7,675,8,3,1
23.83,6.83,44.1,313,0,3,2
23.06,6.64,85.9,113,12,3,2
31.07,6.28,68.0,540,2,3,1
35.32,5.8,68.6,696,18,3,0
32.15,6.89,88.0,90,10,3,2
29.69,7.33,90.5,345,15,3,3
29.78,7.12,92.8,52,5,3,3
30.56,6.87,18.5,755,23,3,1
30.28,6.44,59.0,159,2,3,2
28.84,7.69,76.6,270,18,2,3
28.31,6.15,78.1,419,5,3,2
27.81,7.82,64.6,417,7,0,3
25.74,6.4,25.0,485,21,3,1
27.16,6.6,81.8,53,12,1,3
22.92,6.03,74.8,293,11,3,2
27.7,6.8,17.8,215,9,0,2
25.03,7.98,51.7,75,2,3,3
24.69,7.61,25.7,444,3,3,2
28.54,7.98,40.4,523,0,3,2
32.18,7.62,11.6,66,12,3,1
30.75,6.32,46.0,777,23,3,1
23.29,6.94,59.5,141,3,3,2
25.03,6.58,65.8,532,21,3,2
30.82,8.26,69.7,592,10,3,1
25.05,6.24,85.3,254,18,3,2
27.33,7.91,29.4,551,10,3,2
29.65,7.91,20.8,449,11,2,2
25.09,8.66,86.6,256,10,3,2
28.32,6.87,24.1,668,5,3,2
24.0,7.77,97.7,195,11,3,3
26.2,9.03,85.8,150,8,3,2
28.96,6.71,55.1,290,9,1,3
23.22,5.97,98.3,212,2,3,1
29.32,5.7,18.8,222,2,3,1
27.94,7.77,37.3,551,19,0,2
29.66,5.69,67.4,596,22,3,1
28.67,6.9,41.5,333,15,3,3
32.09,7.55,93.6,408,2,3,2
28.38,7.35,15.9,430,9,2,2
26.71,7.54,59.4,582,23,3,2
28.37,7.38,63.2,212,10,3,3
29.63,8.22,68.7,658,7,1,2
28.15,6.44,33.0,356,5,3,2
28.12,6.66,42.8,388,19,0,3
25.89,6.58,85.9,104,10,3,3
26.01,7.86,27.5,382,20,3,2
23.79,7.92,84.4,176,11,3,2
33.25,7.56,60.6,754,15,3,1
24.27,8.15,78.6,292,17,0,1
25.92,6.26,74.2,649,12,3,1
25.84,8.53,28.7,458,21,3,1
30.68,8.42,61.2,552,2,3,1
27.12,7.79,88.1,776,14,0,2
31.74,8.63,48.9,653,21,3,1
25.98,5.87,97.0,352,20,3,1
28.84,6.78,50.7,513,13,1,2
25.49,6.61,22.9,284,17,3,2
34.44,7.78,45.0,745,13,3,1
24.44,6.36,95.7,87,4,2,3
28.93,7.81,38.8,188,20,3,3
29.9,8.3,88.1,244,13,2,3
29.24,7.76,89.3,576,7,3,2
27.44,7.43,41.5,696,22,3,2
27.61,6.41,17.5,50,14,0,2
28.13,6.52,75.2,610,14,0,2
27.56,8.2,38.0,145,18,1,2
30.89,7.82,80.5,762,19,3,2
34.63,7.17,49.8,462,5,3,2
26.33,6.87,53.7,587,18,2,2
23.89,5.58,80.0,478,7,3,1
27.74,6.34,44.4,284,5,3,3
35.74,8.73,49.9,398,19,3,1
25.59,6.18,43.9,530,22,3,1
32.92,7.35,43.1,445,14,3,2
33.03,8.01,57.3,400,2,3,1
26.34,6.2,82.8,465,9,0,2
29.71,7.35,42.6,100,14,2,3
32.89,7.95,57.2,130,23,2,2
26.86,7.21,70.4,85,15,1,2
27.39,9.49,34.2,116,16,3,2
26.25,5.87,35.0,690,18,1,1
24.96,8.05,94.0,716,10,3,1
26.05,7.06,75.1,672,15,3,2
24.33,7.82,61.9,729,4,3,2
28.1,7.55,68.3,530,4,3,2
25.69,6.61,12.6,517,13,3,1
28.7,7.38,65.6,191,17,2,3
23.33,5.71,55.9,405,7,3,1
28.99,7.68,59.1,758,4,3,2
30.5,7.44,42.3,520,6,3,2
22.02,7.71,17.3,670,15,3,0
29.12,8.05,27.4,640,22,3,1
31.68,7.49,95.6,722,13,3,2
24.37,7.32,46.8,488,4,3,2
33.02,6.5,52.0,580,23,3,1
29.26,6.63,14.7,176,8,0,2
25.88,8.15,13.4,254,3,3,1
27.83,8.35,74.5,78,3,3,3
29.67,7.01,58.4,494,15,0,3
28.23,7.24,55.8,768,23,3,2
29.62,6.48,31.9,513,16,1,1
25.24,8.14,77.0,329,14,3,2
28.51,7.73,25.1,200,3,3,3
23.76,8.75,27.1,289,5,3,1
27.67,6.5,51.5,315,15,3,3
25.29,6.9,35.8,743,3,3,1
25.79,7.39,32.3,154,5,3,2
31.71,7.72,68.1,482,4,3,2
31.27,7.03,68.6,546,15,3,2
29.83,6.5,84.2,489,15,3,3
24.72,7.91,47.6,797,9,3,2
27.05,7.78,16.6,734,8,0,1
31.64,6.47,34.6,207,3,3,2
28.43,8.28,98.2,221,13,2,3
34.96,8.14,63.7,543,3,0,2
29.18,7.31,73.9,360,11,1,3
28.58,7.26,10.7,452,23,3,2
27.07,7.64,56.6,718,9,0,2
28.4,6.51,13.4,725,3,3,1
27.54,7.22,61.2,708,17,2,2
30.12,5.48,92.9,715,12,3,1
30.87,7.9,97.2,512,12,3,2
25.64,5.95,58.6,416,13,3,1
24.01,8.4,51.2,599,17,3,1
22.49,6.94,95.1,692,0,3,1
29.52,7.03,70.6,304,20,3,3
24.69,6.7,15.8,257,15,3,2
21.54,6.97,51.9,499,14,3,2
29.17,8.33,31.6,144,21,3,2
35.48,5.21,52.3,527,4,3,0
27.98,8.22,51.0,732,5,3,2
30.52,7.47,62.4,239,5,3,1
28.25,6.23,42.1,760,2,3,2
27.7,6.34,24.8,533,15,3,1
30.76,8.54,55.3,782,11,3,1
27.13,6.44,84.7,585,3,3,2
28.8,6.28,69.8,472,0,3,2
28.97,8.11,40.5,689,3,3,2
26.0,7.47,94.2,654,0,3,2
30.98,6.45,92.1,182,20,3,2
27.48,7.37,28.8,104,7,0,3
25.73,6.38,13.5,559,23,3,0
29.61,8.08,76.7,719,4,3,2
25.3,8.05,84.5,590,1,3,1
28.08,7.63,97.1,459,11,2,3
27.97,7.49,90.1,260,21,3,3
31.26,8.61,64.0,715,16,3,1
29.42,7.2,57.7,342,6,0,3
27.92,6.25,12.5,783,10,3,1
30.45,7.56,32.2,164,3,3,2
32.17,8.87,51.4,719,4,3,0
29.67,6.39,66.6,308,5,3,2
28.03,6.91,60.2,171,10,3,3
24.06,7.53,76.8,348,0,3,2
24.8,7.16,35.2,430,9,3,2
27.08,6.41,60.8,610,19,1,2
26.17,8.1,17.9,550,23,3,1
27.44,9.06,47.2,346,20,3,2
28.17,7.36,77.5,411,10,3,3
29.59,6.48,72.4,638,23,3,2
27.79,5.96,99.2,512,16,0,1
29.46,7.41,35.0,487,7,0,2
28.19,8.08,54.8,176,12,2,3
22.07,7.58,39.7,246,19,3,2
25.18,7.2,49.7,270,17,3,3
27.57,6.73,87.1,140,21,3,3
24.37,6.33,71.6,460,15,3,2
29.8,7.87,89.4,57,1,3,3
32.59,7.93,28.3,593,4,3,1
31.66,5.96,88.6,517,17,3,1
27.36,8.47,15.4,369,2,3,1
32.47,7.66,90.0,443,21,3,2
28.45,8.32,39.6,318,16,2,2
26.99,6.13,38.3,240,15,3,2
26.16,6.11,56.1,724,5,3,2
27.09,7.08,94.7,110,18,2,3
26.84,7.6,14.3,487,6,1,0
28.51,8.64,41.7,313,17,2,2
28.48,7.76,87.1,144,13,1,3
28.01,7.01,45.6,602,5,3,2
29.31,6.38,27.9,519,7,2,1
31.57,8.18,48.2,710,14,3,1
30.85,6.43,44.7,765,14,3,1
23.55,8.5,92.4,563,14,3,1
20.34,6.97,78.6,739,15,3,1
30.8,8.47,55.5,243,0,3,2
23.9,7.74,99.0,531,10,3,1
27.33,7.09,51.9,385,4,3,3
24.49,6.78,15.2,484,4,3,1
22.59,6.93,33.6,245,20,3,2
29.62,7.54,49.2,298,5,3,3
30.28,7.26,24.1,547,1,3,1
26.27,6.72,95.3,261,5,3,3
20.23,7.07,79.0,714,13,3,1
26.36,7.26,34.1,719,10,3,2
29.18,5.5,63.2,515,3,3,1
23.56,7.57,74.9,700,23,3,1
28.55,6.42,94.7,270,8,2,3
27.95,6.28,89.3,322,23,3,2
29.74,5.85,56.4,203,2,3,2
28.36,5.76,79.7,298,15,3,2
25.08,6.12,60.6,328,10,1,1
31.59,6.63,59.7,489,3,3,2
27.52,8.76,20.3,325,0,3,1
27.92,6.78,21.4,563,20,3,2
25.2,7.34,57.7,137,21,3,3
26.67,7.52,34.2,691,15,3,2
25.35,7.3,11.9,554,18,3,1
27.48,7.14,75.1,639,15,3,2
33.14,6.24,12.9,290,10,3,1
23.88,8.36,63.6,702,7,3,1
23.16,8.65,58.5,789,22,3,0
32.41,5.85,97.2,724,0,3,0
27.37,6.38,53.6,285,20,3,3
25.99,6.98,15.7,177,8,3,2
31.12,6.43,59.7,552,11,3,1
26.18,7.6,85.7,249,21,3,0
33.48,6.62,99.7,592,7,3,1
30.03,8.93,48.7,551,16,3,1
26.54,8.15,38.8,699,9,2,1
34.47,7.37,91.6,541,6,3,1
26.18,8.02,27.2,70,18,2,2
30.23,8.08,65.4,283,5,3,2
28.9,6.75,46.5,763,20,3,2
31.91,6.55,13.7,692,23,3,1
32.68,7.26,41.3,465,23,3,2
28.1,7.89,33.9,197,18,2,3
25.74,7.31,71.7,78,17,3,3
29.38,5.94,95.4,410,14,0,2
25.97,6.56,34.1,357,1,3,2
34.04,7.14,83.0,211,13,3,2
28.41,7.14,15.0,110,20,3,2
26.9,8.78,58.4,174,9,0,2
28.55,6.09,16.3,505,15,3,1
23.96,7.6,94.1,120,6,3,2
25.09,8.39,79.0,515,7,3,1
31.6,9.02,69.2,292,9,3,2
26.03,6.88,84.2,539,14,2,2
24.86,7.59,68.3,270,7,3,3
29.61,7.66,97.2,522,12,1,2
31.56,7.36,74.3,582,11,3,2
30.16,7.12,93.2,543,7,3,2
30.99,7.55,56.5,131,14,3,3
25.73,5.17,20.5,571,11,3,0
23.73,7.75,57.5,61,10,3,2
32.5,7.3,21.4,312,18,3,1
27.03,7.02,63.3,706,13,1,2
27.25,8.84,53.4,498,17,1,2
31.98,6.66,66.0,241,12,3,3
29.67,6.88,10.9,163,3,3,2
29.37,8.79,27.5,75,16,0,2
34.5,6.53,54.2,548,18,3,1
26.07,6.76,95.5,557,8,0,2
30.78,7.08,44.5,594,22,2,1
28.17,7.87,48.2,111,6,0,3
28.81,7.37,74.3,278,0,3,3
32.59,6.17,64.3,656,6,3,1
29.52,6.77,36.9,84,6,0,3
29.61,6.71,47.0,754,19,0,2
31.22,7.14,29.6,505,6,3,1
26.91,7.54,96.9,637,7,0,2
25.48,7.53,21.8,551,15,3,1
24.87,5.78,43.5,644,2,3,1
22.1,8.05,12.3,74,12,3,1
34.17,7.4,30.0,618,9,3,1
24.69,8.31,80.2,81,17,3,2
27.34,7.56,28.1,61,6,0,3
27.17,8.08,17.2,368,20,3,1
28.92,7.57,52.7,653,20,3,2
30.45,8.28,10.9,50,4,3,1
30.58,7.62,17.6,484,22,3,1
26.25,7.12,82.7,185,23,3,3
27.5,9.02,79.4,245,21,3,2
28.85,7.91,92.4,182,6,0,3
27.25,7.66,86.9,135,21,3,3
32.82,6.18,71.5,525,16,0,0
29.47,6.17,14.7,373,3,3,1
30.2,7.43,80.5,229,23,3,3
29.99,7.32,86.1,565,22,3,2
31.52,6.71,81.9,687,15,3,2
28.54,7.31,55.8,224,18,2,3
24.11,8.47,31.0,70,9,3,2
29.2,7.76,86.1,154,2,3,3
26.05,6.29,75.4,627,2,3,2
26.41,7.11,98.3,492,16,0,3
29.76,6.56,24.0,98,9,1,3
31.71,6.89,30.3,577,16,3,1
28.06,6.87,29.1,194,21,3,1
28.93,6.82,81.3,389,16,2,3
33.11,6.2,26.8,403,20,3,1
28.72,7.1,16.0,124,3,3,2
35.81,6.75,99.9,627,20,3,1
29.7,5.0,12.2,686,22,3,0
22.72,8.84,85.2,368,5,3,1
30.26,8.07,42.9,136,11,3,2
29.14,6.9,85.7,602,21,3,2
31.87,7.22,59.9,747,19,3,2
30.02,6.26,91.1,91,16,3,2
27.58,8.56,93.4,142,16,2,2
24.33,8.72,10.8,746,9,3,0
27.37,7.33,16.8,776,6,0,1
25.45,8.02,32.5,556,15,3,1
26.26,7.34,70.2,578,12,1,2
29.77,6.13,89.9,314,2,3,2
33.01,6.87,51.4,675,1,3,1
29.18,7.31,64.6,341,15,3,3
24.41,6.84,27.0,513,5,3,1
29.33,7.03,82.4,609,5,3,2
31.59,7.13,97.1,146,12,3,3
26.17,7.14,34.2,144,6,0,3
27.6,7.24,54.5,375,4,3,3
28.04,6.35,17.8,123,23,3,2
25.65,6.63,60.3,385,6,3,2
29.94,6.17,55.3,117,1,3,3
27.64,7.98,23.0,126,16,2,3
29.26,5.52,49.8,257,12,2,2
25.34,8.12,40.1,270,20,3,2
26.69,8.31,57.0,311,20,3,2
30.17,6.96,62.7,459,15,3,2
26.88,5.12,10.8,380,19,3,1
33.18,6.91,78.5,393,1,3,2
26.8,7.15,74.2,123,4,3,3
28.67,6.39,43.0,686,17,1,2
30.8,6.79,14.8,749,6,3,1
23.74,8.42,77.9,303,10,3,1
22.72,7.73,96.0,796,10,3,1
23.42,6.46,31.6,381,21,3,1
31.79,5.92,39.1,447,16,3,1
26.34,6.94,26.5,394,15,3,2
35.67,7.03,61.9,633,12,3,1
26.31,7.6,23.9,796,21,3,2
28.55,6.77,42.1,717,4,3,2
32.63,7.61,72.7,504,19,3,1
34.02,8.75,60.4,164,15,3,1
34.18,7.85,44.8,362,21,3,2
31.63,7.16,47.8,277,21,3,3
31.07,7.05,60.6,294,15,3,3
29.78,6.91,10.5,575,15,3,1
30.34,8.14,17.1,577,13,3,0
26.35,6.7,89.3,476,5,3,3
25.55,7.24,17.0,91,1,3,2
27.99,7.24,73.6,514,13,1,2
27.49,6.8,92.8,671,15,3,2
26.64,6.1,34.4,327,22,1,0
30.09,7.46,43.3,68,19,3,3
30.87,7.15,61.2,115,12,3,3
28.27,7.6,89.4,216,14,0,3
32.43,6.77,94.8,634,11,3,1
24.57,8.18,76.6,452,8,3,2
27.42,6.5,17.8,458,17,2,2
25.85,8.57,70.2,161,20,3,2
22.4,5.8,46.9,323,13,3,1
27.75,7.55,52.4,456,19,0,3
27.63,7.58,14.4,422,3,3,2
32.54,6.56,27.2,646,7,3,1
29.89,7.54,81.1,700,7,0,2
24.93,8.22,50.9,88,21,3,2
33.56,5.43,37.1,154,21,3,1
31.66,7.6,44.6,373,15,3,2
29.75,5.21,86.9,463,23,3,2
27.32,6.43,77.4,478,9,1,2
25.12,8.5,34.5,684,20,0,2
26.88,6.73,20.6,779,16,0,2
31.27,6.26,32.7,110,0,3,2
33.65,7.04,92.9,661,17,3,1
32.63,8.85,62.3,356,9,3,1
26.53,5.73,58.0,403,20,3,2
24.64,6.36,63.7,442,3,3,2
28.42,8.4,42.9,253,0,3,3
22.69,8.69,82.6,307,3,3,1
28.97,7.12,57.1,535,3,3,2
27.56,6.21,20.5,566,3,3,1
26.6,8.88,21.6,495,16,1,1
23.22,8.48,58.3,758,8,3,1
29.54,7.74,94.3,229,18,2,3
26.4,6.55,37.8,391,12,1,2
24.49,7.16,88.3,182,3,3,3
20.0,7.07,78.8,492,4,3,2
27.92,7.46,32.3,302,12,1,2
33.32,8.36,13.3,314,22,3,0
32.98,7.9,19.2,142,15,3,1
26.63,6.34,75.6,711,21,3,2
26.19,8.3,28.0,460,4,3,2
29.41,7.45,43.4,187,7,0,3
25.0,7.75,55.2,257,15,3,3
28.91,8.37,75.3,686,0,3,2
30.3,6.31,20.2,795,22,3,1
31.68,7.17,46.6,622,5,3,2
27.7,6.77,53.7,356,10,3,3
27.39,5.95,58.7,315,15,3,2
25.37,7.48,83.7,695,4,3,2
25.52,9.21,25.5,367,15,3,1
27.32,5.73,82.7,162,6,1,2
29.1,7.17,72.4,427,18,2,3
30.74,7.71,60.0,503,0,3,2
25.59,7.3,73.0,240,8,3,3
32.48,7.11,47.1,489,17,3,2
27.19,6.16,22.5,236,12,1,2
27.94,7.39,69.9,416,14,2,3
25.76,6.59,57.2,138,2,3,3
20.73,5.45,67.5,236,23,3,1
30.65,8.16,40.4,181,9,3,2
30.21,7.97,91.6,684,8,3,2
27.16,7.24,62.9,609,12,1,2
28.2,7.38,17.7,425,15,3,2
29.55,8.06,50.5,740,2,3,2
23.31,7.38,78.1,741,21,3,1
26.41,7.92,81.5,148,22,3,3
30.38,6.96,54.5,83,14,3,3
24.24,8.25,90.5,631,16,3,1
28.88,7.46,34.1,220,13,1,3
23.93,7.36,47.0,415,6,3,2
29.4,6.18,90.9,108,19,1,3
27.89,7.43,90.7,230,15,3,3
23.15,6.53,71.7,68,20,3,2
31.49,6.69,87.3,275,7,3,3
25.8,6.55,18.0,522,3,3,1
25.57,6.35,87.8,144,19,3,2
28.6,8.9,38.9,346,23,3,1
31.45,8.27,26.0,642,14,3,1
24.95,8.74,31.5,224,4,2,1
28.19,6.22,47.6,271,12,0,3
29.29,7.26,32.6,664,5,3,2
30.08,6.17,38.9,103,4,3,2
28.53,6.64,22.1,744,16,1,2
26.9,6.47,36.7,452,6,1,2
25.52,8.19,61.5,367,5,3,2
28.26,6.88,49.8,398,1,3,3
24.78,8.05,41.2,492,10,3,2
20.0,7.68,77.2,629,6,3,1
29.31,9.04,90.4,589,21,3,1
30.71,6.02,78.1,331,20,3,2
20.91,8.21,39.9,409,7,3,1
24.97,8.12,77.0,680,4,3,1
29.86,6.42,23.7,695,17,0,1
34.17,8.01,21.7,690,21,2,3
28.06,7.47,41.1,57,15,3,3
25.82,7.02,82.7,612,13,3,2
27.45,6.54,32.2,540,11,0,2
32.12,6.62,15.7,390,16,3,1
26.06,8.84,21.9,521,4,3,1
25.6,7.2,87.3,736,13,3,2
26.55,7.83,67.0,744,5,3,2
25.14,6.57,32.8,753,14,3,1
28.37,6.58,60.0,298,6,0,3
32.87,8.07,57.5,284,13,3,2
28.97,6.12,69.0,132,17,1,3
27.24,6.87,31.0,142,0,3,3
27.12,7.23,87.8,443,5,3,3
23.31,7.29,37.8,317,2,3,1
30.65,7.06,72.5,466,4,3,2
27.77,7.52,11.5,681,11,2,1
27.46,7.75,43.5,632,10,3,2
36.0,7.79,41.7,578,12,3,1
28.9,6.41,58.9,302,15,3,2
25.74,6.97,16.5,171,17,3,2
26.72,8.16,81.1,59,16,1,3
31.45,7.92,29.6,365,16,3,2
28.34,6.1,70.9,322,10,3,2
23.69,7.48,82.3,355,19,3,2
30.76,5.62,60.6,259,9,3,2
26.0,7.24,76.7,779,15,0,3
33.62,8.72,69.6,513,1,3,0
31.24,6.44,42.0,761,16,3,1
26.66,6.53,82.8,777,21,3,2
31.84,7.81,36.5,766,19,3,1
28.2,5.97,61.4,465,9,2,2
30.56,6.69,77.1,265,12,3,3
29.45,7.68,44.1,129,11,2,3
25.46,6.69,37.2,529,14,3,1
26.07,7.01,51.3,596,6,0,2
31.09,7.8,83.6,67,21,3,3
27.0,7.54,93.7,214,20,3,3
26.79,7.41,59.1,574,12,1,2
25.13,6.93,69.5,251,11,2,2
29.27,7.5,91.3,790,11,0,2
34.19,7.1,18.9,395,1,3,1
24.8,7.57,30.9,415,4,3,2
28.07,6.8,73.8,497,1,3,3
32.24,7.05,84.1,562,22,3,1
27.76,6.41,87.1,368,19,2,2
29.36,7.17,47.4,266,12,1,3
24.81,6.55,18.0,83,2,3,2
29.28,6.31,49.4,315,10,3,2
27.44,7.41,30.8,689,15,3,2
30.96,7.37,36.2,773,0,3,1
31.56,7.83,79.5,129,18,3,3
35.77,6.86,16.8,726,10,3,0
29.74,7.53,84.5,462,8,0,3
28.98,7.64,48.5,301,13,1,3
28.58,7.56,63.6,61,8,0,3
26.94,6.54,18.1,450,6,0,2
29.02,7.32,40.4,773,15,3,2
27.11,7.49,18.1,331,2,3,2
28.51,7.21,96.5,161,18,2,3
31.95,5.53,82.7,772,3,3,1
24.98,7.33,51.4,427,6,3,2
31.42,8.97,30.1,317,22,3,1
31.95,6.91,94.0,347,11,3,2
27.65,6.62,41.0,366,17,2,3
21.63,7.5,24.5,619,4,0,3
26.18,7.45,60.7,558,22,3,2
31.89,8.15,94.9,595,22,3,1
27.93,6.19,10.3,414,21,3,1
25.0,7.79,31.4,596,9,3,1
26.49,7.67,94.5,320,11,1,3
30.52,7.09,25.4,523,7,3,1
29.64,7.47,20.2,788,18,2,2
27.28,8.02,61.3,586,14,0,2
26.9,7.9,87.6,283,0,3,3
26.82,6.29,52.9,108,2,3,3
25.23,7.86,99.5,300,17,3,2
32.85,7.15,71.1,135,17,0,0
27.03,7.26,16.7,439,1,3,2
31.65,7.26,99.4,229,4,3,3
32.56,7.08,46.7,768,0,3,1
30.99,8.15,35.9,198,9,3,2
26.71,7.13,60.2,632,19,1,2
29.21,6.3,37.4,170,9,2,2
27.93,6.89,17.8,654,4,3,1
25.29,7.34,10.1,305,17,3,1
28.97,8.18,50.5,358,20,3,2
24.46,7.68,85.3,108,14,3,3
31.56,6.52,61.5,118,19,3,3
26.61,9.19,99.9,495,7,3,2
28.6,7.41,35.8,437,16,0,2
28.85,8.22,35.2,135,11,2,2
27.22,7.08,24.4,276,20,3,3
29.76,7.63,24.8,642,11,2,2
26.58,7.87,35.7,675,0,3,2
30.61,8.17,81.4,233,3,3,2
23.96,8.05,91.5,371,7,3,1
28.38,7.9,97.8,367,0,3,3
33.82,6.95,30.9,615,14,3,1
25.0,6.74,89.3,448,17,3,2
25.97,7.47,39.5,758,0,3,1
29.54,7.95,20.2,342,10,3,2
28.54,7.02,88.3,342,22,3,3
29.05,8.05,67.2,534,1,3,2
29.47,8.36,24.8,496,0,3,2
29.9,6.47,48.7,741,11,2,2
31.33,6.53,35.9,461,15,3,2
29.23,7.09,76.3,557,21,3,2
27.28,7.45,50.8,783,21,3,2
30.02,6.78,99.0,293,9,3,3
33.7,8.28,14.9,469,17,3,0
27.6,7.54,42.0,203,14,0,3
25.08,7.23,53.4,473,16,3,2
31.32,6.05,55.3,322,9,3,2
27.64,6.15,38.4,696,2,3,1
21.48,7.42,75.6,569,20,3,1
30.54,5.49,88.7,177,15,3,2
26.39,8.01,94.5,422,5,3,2
27.73,7.07,82.5,617,2,3,2
29.0,9.5,86.6,687,8,3,3
28.57,9.05,59.5,208,10,3,2
30.13,7.05,84.3,620,20,3,2
26.69,7.11,37.3,619,12,1,2
29.54,8.0,45.9,701,17,2,2
27.22,8.56,38.5,225,21,3,2
30.22,5.89,52.1,669,23,3,1
29.85,5.77,35.7,260,21,3,2
25.19,6.7,96.5,496,3,3,2
31.26,7.67,38.2,635,21,3,1
26.39,7.6,18.8,216,23,3,2
30.42,8.06,57.4,509,7,3,1
29.1,6.24,15.1,406,12,2,1
33.51,5.35,19.9,353,9,3,0
27.33,7.89,29.7,282,1,3,3
26.95,6.54,51.8,376,7,0,3
27.94,5.59,49.0,231,5,3,2
27.09,7.32,82.0,683,15,3,2
30.4,7.83,76.6,383,17,3,2
23.15,7.1,48.4,764,16,3,1
24.84,6.83,40.0,78,5,3,2
24.8,7.07,38.5,763,12,3,1
30.85,6.9,79.7,142,22,3,3
33.13,6.12,14.7,737,13,3,0
27.69,6.63,11.2,379,20,3,2
27.49,7.62,81.6,772,9,0,2
28.21,7.46,52.9,233,23,3,3
31.49,7.33,21.8,144,10,3,2
25.22,6.4,31.2,698,12,3,1
28.72,7.05,93.9,798,11,0,2
30.93,5.46,87.4,402,8,3,1
29.5,7.34,73.9,314,3,3,3
28.57,8.34,53.4,696,6,2,2
31.0,6.02,56.8,705,23,3,1
20.0,6.73,97.8,68,21,3,2
30.03,7.46,96.9,792,1,3,2
26.04,8.2,29.4,695,6,2,1
22.51,6.84,83.0,675,8,3,1
29.53,6.65,27.8,548,4,3,2
32.12,5.62,29.2,188,14,3,1
27.59,7.28,70.8,686,17,2,2
30.86,8.83,46.5,765,3,3,1
32.84,7.42,93.8,622,18,3,1
31.94,7.18,18.0,574,19,3,1
32.92,7.46,56.0,304,6,3,2
30.23,7.19,92.7,134,7,3,3
28.23,6.55,91.4,507,16,1,2
23.19,7.86,24.1,581,12,3,1
27.26,7.38,43.0,611,23,3,2
25.47,7.21,65.7,725,20,3,2
34.51,6.42,24.3,141,22,3,1
27.47,8.24,97.1,649,10,3,2
28.37,7.73,92.3,118,0,3,3
29.65,6.76,25.0,86,1,0,1
28.13,8.0,20.9,189,16,1,3
33.09,6.8,17.7,729,4,3,0
26.13,6.57,91.8,615,5,3,2
28.58,6.59,27.4,227,23,3,3
25.77,5.78,47.5,667,6,0,2
24.04,7.58,50.4,186,20,3,3
26.16,5.74,63.9,239,14,0,2
27.89,6.22,16.5,689,18,1,1
26.71,5.54,30.4,391,15,3,1
25.92,7.13,93.8,608,12,3,2
23.78,7.08,91.8,54,4,3,2
27.75,6.94,80.3,306,2,3,3
23.49,6.37,11.7,711,2,3,0
30.28,6.26,39.4,292,18,3,2
28.25,7.57,66.5,769,13,1,2
23.63,6.76,34.8,464,15,3,1
27.07,7.45,91.9,676,21,2,1
25.74,6.49,67.1,756,16,3,1
28.96,7.34,16.5,392,3,3,2
32.02,8.24,91.8,731,12,3,1
22.37,7.67,96.2,428,7,3,1
28.35,6.87,17.0,643,18,2,1
27.52,7.41,57.9,715,4,3,2
30.01,7.01,37.3,702,1,3,1
28.64,7.21,45.4,195,14,1,3
25.74,6.94,26.2,372,1,3,2
27.04,7.07,62.0,171,10,3,3
25.61,7.37,96.2,301,12,3,2
31.23,6.41,55.3,360,22,3,2
28.06,6.39,17.5,650,9,1,1
33.7,6.09,65.8,524,2,3,1
27.82,5.92,40.6,619,4,3,1
25.87,6.23,87.0,541,2,3,1
23.46,7.33,49.1,624,5,3,1
22.59,6.49,27.4,396,12,3,1
23.25,7.61,27.2,536,9,3,1
28.8,7.23,79.2,522,18,2,2
29.53,5.63,33.9,431,7,1,1
23.26,7.72,79.1,329,17,3,2
30.69,7.85,28.5,121,2,3,2
26.55,6.4,39.0,570,23,3,1
28.44,7.54,51.9,415,23,3,3
32.84,6.51,94.9,143,16,3,2
30.69,7.28,93.9,422,7,3,2
27.19,6.19,28.6,388,9,2,2
25.33,5.77,42.2,486,1,3,1
21.54,6.89,23.4,385,11,3,1
25.84,7.1,55.9,713,22,3,2
27.37,6.88,51.5,541,5,3,2
25.04,6.25,91.1,89,1,3,2
27.61,6.88,93.7,408,20,3,3
28.23,7.42,44.5,623,22,3,2
27.33,7.16,54.3,303,23,3,3
26.05,7.35,90.7,630,2,3,2
28.51,6.66,82.6,447,16,1,3
29.33,8.14,10.3,219,6,2,2
24.73,6.26,38.8,739,20,3,3
32.23,7.59,48.0,750,4,3,1
27.7,8.15,30.7,560,22,3,1
28.06,7.58,28.0,309,0,3,2
30.12,7.04,13.4,633,7,3,1
28.7,6.78,67.9,508,11,2,2
30.86,8.03,33.6,578,13,3,1
28.86,6.06,14.7,390,15,3,1
26.16,6.42,30.8,106,9,1,2
29.08,6.88,82.2,267,14,0,3
24.57,8.19,86.6,668,20,3,1
28.33,7.5,53.5,734,23,1,0
27.9,6.43,47.4,780,14,0,2
27.38,6.95,98.0,513,9,2,2
27.61,6.71,28.1,296,20,3,3
22.35,6.63,29.4,779,6,3,1
26.35,7.98,36.3,422,2,3,2
28.28,6.1,25.5,466,1,3,2
28.48,8.49,44.1,80,5,3,3
24.92,7.86,92.0,417,20,3,2
31.8,8.07,65.4,608,8,3,1
25.4,6.83,47.1,695,9,3,2
30.91,7.08,94.1,157,3,3,3
29.28,6.05,14.4,633,2,3,2
26.06,6.78,28.9,467,8,0,2
33.33,7.59,60.9,669,23,3,1
24.42,8.24,65.4,447,21,3,2
30.76,6.31,13.6,321,16,3,1
31.0,6.91,46.3,732,13,3,2
25.99,7.08,68.4,165,9,3,3
32.18,6.08,72.8,635,12,3,1
27.25,7.67,67.4,305,11,0,3
28.87,6.62,38.9,130,0,3,3
28.78,7.04,18.4,177,21,3,2
27.6,6.84,48.4,284,18,2,3
30.43,6.57,21.6,602,18,3,1
30.38,7.19,95.3,230,5,3,3
22.75,7.03,52.8,206,12,3,2
31.91,6.9,38.6,503,18,3,1
23.01,6.62,79.0,620,12,3,1
31.1,7.46,54.8,753,21,3,2
31.38,8.52,37.9,73,20,3,1
24.73,7.31,83.1,522,3,3,2
26.77,8.0,88.0,449,23,3,3
24.68,6.09,70.6,641,1,3,1
27.36,7.33,14.2,183,14,1,2
27.08,6.32,61.0,470,11,0,2
30.34,6.02,78.7,262,6,3,2
31.93,6.61,22.3,531,19,3,1
32.19,8.15,30.6,397,17,3,1
26.31,7.96,89.4,215,22,3,3
27.37,7.39,11.8,397,12,1,2
22.95,5.97,77.7,447,16,3,1
25.58,7.04,52.6,632,3,3,2
30.89,7.44,50.2,775,13,3,2
32.85,7.34,10.6,484,19,3,1
24.3,5.72,83.7,626,12,3,1
26.22,6.49,42.4,270,2,3,3
27.92,7.15,58.7,357,17,3,2
28.84,7.63,71.0,746,13,1,2
25.57,5.44,73.2,768,14,3,1
29.27,7.07,96.0,515,2,3,2
26.58,7.31,57.8,148,0,3,3
27.96,7.88,46.0,291,23,3,3
29.64,7.75,95.8,207,16,0,3
28.02,7.67,67.8,659,2,3,2
26.69,6.56,36.8,603,13,1,2
27.67,5.67,21.4,700,2,3,1
27.73,6.89,85.8,276,12,1,3
26.89,8.0,42.6,472,14,1,3
27.22,8.31,69.4,121,17,2,3
32.8,7.77,52.4,292,13,3,2
29.68,7.54,27.9,579,20,3,2
27.11,7.5,64.2,638,2,3,1
30.09,6.76,15.5,94,18,3,2
27.0,7.1,47.2,521,7,1,0
31.52,8.54,59.2,420,3,3,1
29.11,6.45,49.2,701,3,3,2
27.68,8.49,77.4,738,18,1,2
29.34,6.94,84.5,783,10,3,2
23.29,8.26,79.4,141,0,3,2
24.62,6.07,13.5,71,7,3,1
24.42,7.67,27.5,221,14,3,2
28.43,6.61,58.3,653,0,0,3
33.2,6.07,94.1,241,6,3,2
34.69,7.37,85.1,126,20,3,2
29.91,8.01,85.8,330,19,2,2
29.5,6.52,37.3,413,19,2,2
22.6,6.0,48.7,228,23,3,2
26.37,7.13,52.4,287,10,3,3
25.64,7.13,24.2,184,13,3,2
26.14,7.64,12.8,329,21,3,2
27.5,7.96,95.2,68,15,3,3
26.58,7.15,31.7,644,13,1,2
22.06,8.68,31.6,789,11,3,0
30.24,7.38,17.5,420,16,3,1
24.78,6.92,93.6,161,13,3,3
28.72,5.91,62.2,725,9,0,1
34.22,6.99,70.0,729,23,3,1
25.24,6.93,92.0,270,13,3,3
20.41,7.97,41.1,353,17,3,2
27.14,7.57,65.9,752,21,3,2
31.3,6.26,13.5,374,8,3,1
33.88,7.34,26.8,486,16,3,1
24.31,7.74,84.8,487,5,3,2
29.49,8.42,79.0,219,7,0,3
26.6,7.91,41.6,424,12,1,3
27.68,7.81,43.9,606,17,2,2
35.93,7.25,58.0,430,4,3,2
23.49,7.51,10.0,63,5,3,1
28.76,8.2,31.7,792,20,3,1
29.4,6.13,28.7,718,18,2,1
31.26,6.92,32.5,549,3,3,1
28.29,6.58,82.5,695,6,0,2
28.92,7.5,35.2,440,3,3,2
26.83,8.18,27.2,598,10,3,1
28.81,6.72,55.4,614,11,0,3
26.97,5.29,87.9,579,13,3,1
29.86,6.87,31.7,541,12,1,2
26.89,7.93,17.1,599,9,1,1
29.13,7.63,42.1,748,17,2,2
27.91,7.54,77.3,434,15,3,3
31.38,6.98,59.6,245,4,3,3
27.85,6.18,83.5,349,7,2,2
22.68,7.61,96.4,596,13,3,0
31.79,6.53,81.3,776,4,3,2
25.28,8.95,64.3,780,23,3,1
26.04,7.66,54.4,651,7,0,2
26.21,6.74,13.6,357,5,3,2
32.12,6.71,98.6,301,15,3,2
21.59,7.13,44.5,57,3,3,2
36.0,7.01,23.7,257,11,3,2
31.17,8.09,70.0,180,10,3,2
28.67,7.35,35.6,785,2,3,2
27.84,6.61,62.7,758,11,0,2
28.86,8.71,62.8,703,4,3,1
29.56,7.24,50.1,657,5,3,2
29.94,7.82,85.3,75,18,2,3
29.67,6.71,33.8,672,17,2,2
28.27,7.49,50.4,503,15,3,2
27.41,7.45,58.4,684,22,3,2
27.55,5.69,69.7,235,10,3,2
27.42,8.81,80.6,533,4,3,1
31.4,8.23,45.5,729,8,3,1
29.78,6.88,68.1,100,2,3,3
20.0,6.32,23.6,54,7,3,1
29.97,7.48,93.9,638,5,3,2
28.58,7.27,44.5,209,3,3,3
27.94,7.48,75.7,257,11,0,3
26.83,7.35,11.8,306,11,1,2
31.37,7.6,28.5,254,20,3,2
30.84,8.36,53.8,60,15,3,2
25.68,7.65,89.0,57,9,3,3
29.22,6.36,57.5,458,21,3,2
25.09,8.29,93.7,81,13,3,2
23.86,8.51,53.5,589,12,3,0
26.12,9.5,54.1,767,8,3,1
30.59,6.3,20.8,436,6,3,1
30.86,7.39,82.2,277,11,3,3
29.54,5.53,32.2,689,4,3,1
30.18,7.64,91.0,524,17,3,2
29.55,6.76,92.0,773,3,3,2
26.08,8.74,94.9,256,1,3,2
29.3,6.58,56.8,367,2,3,3
30.4,5.85,70.9,606,11,3,1
30.26,6.82,80.1,666,2,3,2
31.57,5.62,21.8,397,3,3,1
30.12,7.8,64.1,283,5,3,3
29.05,5.55,13.1,750,11,1,0
31.21,7.22,54.8,93,18,3,3
27.92,5.54,23.9,786,9,0,1
25.35,6.94,26.5,191,0,3,2
27.51,8.51,42.9,697,16,0,1
25.77,7.49,48.9,225,15,3,3
